Dimension 1,Dimension 2
0.641913968,0.729221377
0.637610466,0.719215365
0.705290921,0.813065504
0.627003127,0.795894219
0.747344187,0.751742522
0.606781822,0.900600404
0.692155477,0.866825756
0.624106893,0.829704787
0.751595397,0.849476288
0.708081903,0.82377216
0.686683275,0.868072852
0.649353069,0.848055547
0.593436653,0.906610837
0.694502449,0.795578742
0.634450044,0.812485851
0.764304876,0.808214077
0.722631429,0.768944133
0.718547598,0.851463022
0.658697078,0.84030126
0.619280774,0.834839116
0.669375672,0.854382914
0.697130726,0.749823222
0.610399992,0.853555965
0.691080115,0.829912211
0.706870442,0.83613068
0.787070528,0.842425599
0.621037618,0.770283346
0.654844008,0.857855575
0.716784189,0.820272603
0.639500325,0.777332584
0.6123094,0.831605399
0.661976529,0.736648219
0.630973632,0.850677559
0.72363218,0.832119887
0.749574488,0.799018813
0.552534064,0.781780963
0.621805537,0.861790228
0.775153689,0.851147804
0.558015833,0.88734738
0.674998008,0.876370405
0.676916453,0.772581065
0.678858725,0.848734584
0.61458334,0.803376698
0.673310208,0.772022141
0.642716523,0.80771526
0.677046065,0.775304053
0.673399502,0.825399805
0.660809267,0.904836485
0.716718499,0.737594063
0.592922556,0.893558207
0.703491415,0.854483409
0.727594485,0.792304025
0.695204837,0.789209764
0.711325399,0.884354594
0.713244257,0.810994967
0.611473671,0.912579886
0.643143335,0.817184179
0.725595904,0.798195864
0.725810322,0.836580286
0.704506542,0.801529814
0.659006412,0.873732405
0.679325885,0.921874351
0.690521855,0.793361981
0.741019485,0.74107595
0.771902275,0.763320773
0.596998862,0.769040455
0.732408896,0.772428265
0.590221987,0.796671747
0.615339521,0.70899368
0.657281197,0.839155213
0.67750021,0.855022478
0.661998781,0.800078147
0.709417118,0.819282278
0.6683473,0.704351747
0.722859564,0.804536467
0.68074777,0.764474865
0.774158758,0.859309822
0.627435365,0.836745303
0.693312787,0.830900044
0.620196558,0.864034263
0.791378902,0.808944322
0.676279331,0.837307409
0.687927803,0.820064889
0.695082929,0.767958438
0.615179121,0.770508971
0.75014019,0.836846941
0.703083575,0.830886024
0.644658367,0.785091779
0.577562023,0.843676979
0.725761907,0.701602885
0.530828072,0.847740495
0.731105081,0.790375356
0.705798684,0.929063837
0.6427696,0.751387965
0.608507409,0.821506172
0.596365879,0.82783244
0.688071525,0.936218748
0.667893628,0.856652991
0.645858496,0.828315926
0.544621576,0.805158322
0.678713672,0.81982022
0.703734824,0.880556261
0.60819777,0.872983528
0.727155822,0.890148663
0.657375916,0.812521509
0.601091322,0.887719711
0.695262478,0.759726348
0.664623895,0.806330575
0.636297849,0.847290014
0.714280338,0.782734421
0.709151535,0.847038207
0.637410716,0.77653954
0.728471096,0.833479175
0.692189601,0.76665617
0.640226459,0.890747489
0.677860889,0.786499166
0.650132491,0.750624063
0.658865053,0.84339318
0.671391264,0.819661613
0.713287865,0.837327719
0.644043788,0.847039303
0.656528839,0.795012802
0.708453245,0.912265102
0.655341416,0.93096911
0.641949223,0.794803003
0.639228382,0.836163101
0.624591226,0.740479055
0.677119829,0.848012208
0.699063302,0.812842474
0.663722045,0.751012114
0.716589958,0.794506918
0.613984726,0.869090621
0.576791873,0.881725094
0.624471426,0.775401334
0.728504891,0.854337238
0.607095411,0.862365679
0.556958959,0.858110997
0.690158821,0.7935152
0.65808899,0.861591133
0.61808877,0.895298261
0.6885924,0.802457218
0.722110195,0.837582216
0.68678675,0.804051121
0.601475222,0.773610193
0.572214517,0.706376744
0.632242859,0.849527313
0.68098494,0.861199327
0.613925877,0.819867566
0.666871346,0.935745643
0.657664834,0.803669519
0.666547514,0.791576531
0.745646771,0.770668345
0.740681654,0.784730081
0.617782537,0.943682476
0.775264424,0.870961671
0.584016469,0.797467331
0.688009639,0.812413292
0.685485674,0.774002291
0.622051125,0.840873773
0.669636269,0.805964784
0.745508304,0.816765539
0.586653522,0.883413677
0.635753889,0.813719806
0.630254013,0.805129704
0.725245915,0.734458549
0.638854193,0.700009072
0.721111584,0.789707676
0.627302044,0.758209397
0.692900083,0.944401379
0.585573043,0.836972889
0.675714192,0.757012299
0.642691883,0.784468892
0.729265526,0.829025878
0.600247119,0.87976692
0.713770378,0.793780381
0.681742389,0.698109758
0.687281907,0.850789892
0.686421328,0.808847946
0.72494728,0.878675464
0.615003303,0.819620446
0.656185791,0.766575671
0.623155993,0.837911248
0.623192507,0.82226595
0.72251991,0.822009243
0.625017358,0.861276743
0.68262113,0.84506439
0.760637758,0.793316037
0.557870129,0.834558399
0.778041472,0.816631879
0.695286794,0.857219792
0.690864336,0.86167252
0.600552442,0.85501135
0.672895635,0.849134789
0.643213978,0.838605993
0.656486057,0.793702938
0.618610502,0.863273692
0.736014322,0.848624819
0.706870467,0.866903863
0.71499687,0.873890799
0.724517736,0.89180117
0.661948896,0.782503485
0.628640085,0.850907112
0.705016571,0.78300656
0.731101561,0.794978046
0.646502495,0.813767003
0.701399632,0.857577767
0.604822838,0.874137598
0.564092775,0.788904337
0.67596069,0.840049775
0.659740848,0.817530445
0.592810045,0.765644623
0.715778146,0.813894188
0.685262686,0.905584925
0.677191036,0.816773372
0.74443232,0.817907458
0.629777457,0.763070721
0.675552503,0.78117265
0.689389728,0.781944028
0.67671661,0.72975218
0.591356571,0.810618648
0.721802558,0.923244554
0.665689061,0.857575096
0.670880501,0.760157132
0.659840426,0.904278403
0.658811457,0.832609644
0.597325031,0.839838661
0.655468377,0.840414814
0.690909066,0.75527238
0.69134368,0.796599156
0.694461653,0.776448552
0.716152316,0.800764414
0.677756308,0.880628504
0.698794233,0.821718843
0.635303589,0.799142394
0.714926013,0.84411369
0.610038819,0.843453349
0.694080147,0.832019226
0.653757186,0.77298972
0.674342431,0.804246977
0.655585302,0.705064986
0.790641873,0.781259813
0.69076325,0.894752252
0.737165935,0.81071056
0.703257115,0.774922028
0.664454665,0.738942154
0.644290336,0.859048395
0.668581376,0.751662336
0.701109248,0.780376408
0.596806144,0.71926993
0.651289978,0.854927255
0.694235036,0.832625593
0.687700708,0.797459816
0.721451553,0.811469812
0.706394158,0.854028172
0.654720855,0.820748533
0.708244532,0.768899126
0.597696586,0.724490294
0.714475086,0.87545213
0.637973075,0.790427019
0.619353784,0.769002904
0.729387098,0.827981364
0.725202017,0.743048595
0.606475833,0.850768628
0.647791644,0.867442718
0.699134246,0.769336425
0.633340963,0.872618785
0.58905021,0.864812506
0.717164855,0.777039487
0.644299848,0.889745573
0.697260845,0.848320541
0.742518281,0.838051641
0.551086543,0.760635861
0.603860171,0.832695421
0.612384743,0.851575759
0.630245176,0.849565175
0.639787838,0.882543696
0.718948153,0.925893812
0.617658311,0.756576246
0.624635073,0.779796029
0.658619053,0.795574695
0.701969239,0.753170291
0.720950057,0.834122957
0.584354949,0.753608417
0.750522947,0.885161547
0.622198488,0.824838141
0.729560659,0.838855715
0.682077208,0.798489282
0.646449818,0.841778225
0.772602659,0.830794859
0.688431662,0.827082309
0.673282608,0.853257331
0.6896829,0.872704148
0.633397482,0.858581645
0.71377499,0.830940785
0.656762037,0.794701864
0.665016896,0.875996052
0.534993792,0.758715377
0.675035816,0.906636846
0.722948468,0.790181715
0.722357877,0.889374674
0.678665604,0.892870516
0.672040295,0.875983976
0.644593521,0.75984871
0.633656478,0.804532252
0.703722368,0.867626378
0.666690295,0.768191128
0.609369946,0.790707781
0.724134995,0.778758129
0.736146049,0.830277729
0.651677254,0.788828815
0.663114908,0.794521787
0.669077051,0.799664222
0.740976013,0.750451753
0.662500357,0.811318942
0.693884072,0.80108827
0.700862465,0.734274651
0.649560776,0.909080612
0.724415775,0.825718213
0.734428465,0.925031215
0.59467189,0.818931713
0.620347176,0.824901197
0.628828726,0.750043238
0.653748364,0.848002254
0.769465974,0.88463674
0.660548781,0.821044928
0.689140579,0.89853243
0.701722379,0.865063664
0.655282138,0.843484468
0.57629306,0.868461087
0.662658638,0.769471881
0.633125789,0.794364654
0.603207232,0.800436271
0.734621485,0.784609557
0.690941218,0.786177775
0.708426259,0.745599939
0.662552112,0.78329177
0.645706959,0.840224613
0.642083991,0.842887494
0.637050215,0.743018032
0.644412186,0.794669175
0.638188639,0.825541642
0.693381283,0.843173143
0.697846819,0.707406979
0.665049592,0.791879627
0.653083726,0.722259908
0.639822311,0.83962761
0.623491873,0.904372044
0.624738025,0.730685143
0.675813136,0.796381133
0.665660407,0.767727324
0.629844153,0.827230361
0.647336601,0.765811626
0.611947253,0.748630421
0.692105875,0.781925703
0.702696428,0.844028648
0.70575809,0.825951756
0.611364072,0.77118778
0.598774222,0.807935238
0.734662984,0.9047758
0.630709395,0.833567606
0.614051536,0.85237059
0.717363818,0.872532104
0.685969329,0.807775403
0.657364704,0.785995458
0.684490788,0.849705131
0.682706269,0.830543856
0.617896014,0.828137838
0.711860874,0.746561888
0.755260932,0.745385484
0.763549719,0.721869357
0.712138042,0.72441833
0.61880361,0.829549418
0.740083685,0.871198519
0.741651753,0.878726185
0.692448984,0.800598591
0.613534674,0.791336842
0.634580566,0.788577838
0.686903478,0.826699773
0.608402573,0.718760952
0.698446448,0.894435854
0.654070129,0.81927194
0.689006139,0.779078812
0.563109102,0.812425226
0.700657272,0.816360081
0.637684504,0.865760122
0.746659414,0.869721303
0.705678045,0.848629921
0.700928226,0.783508009
0.672844284,0.850086344
0.706129758,0.764403409
0.684134313,0.798574513
0.712132858,0.826098395
0.654463196,0.852038865
0.677329079,0.804434493
0.713230889,0.80237862
0.681322504,0.809294049
0.659704283,0.720998083
0.556488298,0.810369426
0.775969584,0.848418631
0.650258939,0.796775627
0.642318625,0.820732723
0.641751699,0.821836169
0.7764264,0.808911682
0.647314697,0.838842196
0.697697834,0.816068402
0.656518333,0.848326802
0.635073606,0.785721421
0.614281472,0.841942177
0.62037375,0.814575374
0.568289614,0.831719409
0.663636622,0.750743659
0.700336529,0.805376839
0.646973561,0.790957095
0.621171783,0.850935084
0.692658573,0.85196303
0.676418634,0.764243358
0.71524261,0.799742675
0.637830347,0.733778531
0.631252921,0.794813102
0.702082347,0.819986547
0.659426212,0.840459697
0.644084494,0.841763375
0.714502686,0.804539465
0.622103682,0.81452335
0.59225245,0.807096347
0.669208908,0.834633984
0.6785315,0.845260182
0.623700344,0.85704106
0.718662629,0.775552528
0.714123671,0.844061889
0.690647614,0.83477027
0.645912769,0.800009481
0.724667956,0.938528922
0.703881867,0.84732991
0.65303924,0.869778216
0.74501023,0.732478452
0.65141433,0.81845938
0.643213681,0.778464162
0.7435114,0.814530076
0.67221018,0.7287799
0.624839578,0.831397751
0.732620027,0.850373849
0.71070154,0.724134248
0.668770106,0.809031451
0.57524722,0.691240257
0.702115182,0.733720876
0.619654524,0.762533623
0.683580298,0.807382087
0.710645772,0.812874717
0.640105467,0.800882879
0.643610125,0.841268452
0.693298472,0.738910177
0.689737443,0.822017849
0.661809509,0.802805454
0.702202628,0.844688336
0.732902218,0.816633178
0.589927345,0.801461466
0.681958086,0.797873806
0.733195097,0.779114584
0.610922094,0.860099924
0.616841915,0.773438112
0.742378948,0.863789002
0.643790893,0.749661644
0.620034902,0.830983839
0.63330466,0.813720935
0.667771436,0.853008273
0.683068317,0.731857241
0.654326029,0.747688939
0.572793675,0.817925945
0.67168536,0.887051096
0.702534889,0.838727335
0.724049981,0.823037231
0.69552265,0.807422785
0.629928454,0.772245305
0.662859326,0.770914592
0.625784123,0.8567652
0.700866364,0.853763006
0.700227303,0.865057358
0.668596112,0.870546644
0.693759854,0.714378485
0.624656045,0.777200478
0.680945264,0.85378226
0.624051903,0.866622067
0.744523806,0.832105274
0.592261739,0.917666529
0.67661457,0.841700676
0.624377345,0.883433474
0.771336547,0.751450959
0.651817941,0.828123569
0.633963532,0.863565963
0.707379509,0.72454399
0.62065735,0.865203724
0.660869257,0.776981945
0.6358373,0.798501351
0.605809067,0.774461932
0.710004337,0.84454058
0.717144123,0.804767233
0.68765791,0.813222569
0.600582236,0.843803468
0.697594476,0.851254566
0.663800258,0.783670942
0.770719993,0.799484747
0.690343873,0.68689362
0.636477041,0.692087984
0.585226277,0.720622629
0.658545868,0.861095743
0.621668736,0.882218136
0.642520651,0.824037529
0.713645377,0.88838334
0.600047038,0.772812455
0.643649641,0.813612943
0.649356577,0.763503195
0.649201479,0.811673515
0.67007363,0.819761905
0.679910709,0.815058368
0.654083315,0.842422317
0.775759866,0.796065717
0.650024081,0.891858053
0.603584031,0.923974158
0.63366164,0.85747168
0.654001888,0.853920903
0.706850411,0.871691438
0.708137677,0.85753291
0.682670607,0.872410436
0.639913903,0.877250278
0.755925964,0.847279626
0.648414968,0.792210617
0.599874318,0.93111071
0.706226222,0.770435032
0.628546204,0.858574144
0.650965424,0.937795098
0.715869018,0.817317774
0.651782346,0.718204382
0.646556126,0.711507049
0.60690594,0.859864385
0.671439414,0.761746476
0.685019513,0.77091146
0.711490987,0.845981787
0.715609331,0.730534705
0.687431864,0.856523093
0.64404946,0.834386205
0.659926542,0.877056197
0.655704984,0.844821965
0.631531527,0.735118328
0.635745972,0.845009686
0.725413794,0.804320849
0.653105092,0.85872466
0.700276663,0.866789547
0.573687545,0.817994219
0.68834386,0.824902513
0.664262853,0.82129946
0.731172185,0.822032066
0.607579413,0.748040599
0.491411459,0.834052336
0.55341737,0.801150896
0.64142122,0.851533288
0.651414659,0.834730743
0.631021129,0.782513991
0.734736857,0.86895346
0.746439308,0.841244044
0.65358663,0.737671148
0.638589809,0.85758199
0.666626424,0.782720955
0.63984329,0.770691107
0.629822153,0.857530249
0.677488284,0.890077019
0.668406899,0.861426375
0.622039483,0.765046286
0.740593923,0.765081976
0.666145933,0.801945042
0.673191492,0.857154322
0.662376461,0.841487107
0.705036483,0.742424979
0.759751953,0.794316799
0.577746852,0.854455018
0.601665624,0.86166466
0.68775473,0.814831115
0.705223654,0.862501422
0.663217366,0.780404206
0.648732574,0.801326593
0.677762373,0.787837335
0.690049447,0.848759255
0.619895393,0.828867728
0.615566048,0.799844028
0.610282852,0.726430056
0.738881313,0.860152716
0.630002966,0.805865219
0.678479777,0.896000824
0.628675519,0.877700157
0.614686299,0.860153553
0.691163774,0.85628294
0.686079593,0.795314846
0.659547607,0.856446687
0.619710313,0.81496597
0.691803972,0.812020433
0.640625493,0.82920598
0.493098672,0.81890485
0.641258638,0.771980984
0.612315829,0.800329373
0.690651573,0.841215129
0.691005381,0.774824494
0.713483794,0.761786951
0.641426997,0.860923396
0.717848612,0.895972458
0.728955875,0.681945672
0.786179203,0.953495053
0.661180684,0.864605771
0.643764838,0.834271954
0.735608045,0.846663717
0.615478127,0.853614234
0.721966677,0.789895956
0.592065082,0.809409471
0.676666235,0.833424555
0.684007219,0.820564796
0.668029152,0.797550155
0.686598227,0.798283627
0.710726113,0.833588379
0.680980039,0.813759048
0.681239319,0.772264233
0.635874379,0.811692937
0.638184173,0.820563875
0.656400035,0.74363984
0.676525974,0.835344804
0.643601068,0.79393186
0.594264813,0.802300604
0.617889627,0.824890606
0.672336679,0.933286842
0.646081199,0.807526729
0.68637468,0.83160616
0.710236563,0.794380127
0.62705838,0.810208092
0.65397586,0.750532075
0.712690918,0.854014073
0.707930903,0.782655054
0.682530094,0.862056363
0.631266151,0.777888846
0.71172812,0.823302568
0.729349589,0.77009442
0.654531756,0.774888487
0.750060448,0.767811509
0.719022695,0.759013179
0.601755657,0.882363754
0.673988793,0.817617181
0.713172848,0.760407603
0.65643429,0.824781648
0.614937985,0.804350801
0.634363288,0.795846629
0.572643985,0.826825115
0.749646797,0.766174076
0.63829234,0.76598688
0.694696693,0.852499124
0.591529441,0.791515809
0.621852918,0.780709687
0.639469833,0.767385999
0.622306752,0.850730023
0.711643622,0.802007033
0.669006963,0.790265794
0.660345781,0.843070403
0.690933273,0.834552217
0.657644229,0.819655431
0.604336994,0.752526218
0.559885514,0.790092336
0.668084087,0.860594126
0.662590328,0.829786696
0.70042695,0.842459208
0.789524043,0.765639007
0.748230027,0.811741257
0.691763375,0.802252703
0.564562531,0.761891075
0.571334497,0.934600573
0.704037231,0.765649591
0.638469059,0.84992346
0.618232246,0.78826406
0.76729653,0.740632537
0.680881896,0.72535694
0.640017103,0.820584068
0.654171455,0.791374492
0.685780926,0.833808605
0.681108623,0.799193161
0.715890277,0.843639688
0.637905218,0.788380314
0.639958398,0.871473876
0.625077607,0.82148809
0.692124171,0.821267698
0.750609873,0.905283713
0.532393927,0.805976234
0.749640414,0.740236946
0.657806737,0.682611354
0.569411816,0.864158262
0.739407244,0.776931141
0.747316767,0.85641361
0.656380173,0.726583122
0.614950796,0.866881363
0.697407328,0.860037872
0.778307198,0.830752189
0.722065146,0.84642431
0.687529071,0.801449819
0.686816925,0.778238045
0.683587898,0.824247961
0.627270879,0.821757229
0.576151631,0.836861547
0.704217452,0.922369802
0.614428415,0.812627894
0.705393323,0.884263349
0.580038009,0.815907533
0.621651444,0.805079219
0.607310708,0.839256483
0.689446046,0.816293687
0.656084985,0.74332924
0.702113669,0.864914605
0.658197469,0.776337939
0.627798511,0.763871903
0.700301975,0.742741823
0.673159624,0.844381894
0.697674663,0.84504911
0.591919081,0.78514341
0.712807042,0.830957701
0.672117046,0.78701278
0.709582593,0.791944072
0.660727079,0.778400973
0.660518557,0.756046085
0.716986842,0.795614012
0.714769178,0.756650291
0.651500068,0.690259586
0.682116649,0.791003696
0.699835894,0.84370845
0.778561079,0.78149062
0.602444566,0.771618365
0.7125166,0.86707279
0.695504707,0.757063794
0.632471867,0.785264541
0.62372536,0.856860386
0.609673937,0.89067332
0.69952211,0.841139925
0.675475559,0.779811898
0.647076891,0.872049358
0.663331312,0.862620846
0.706990752,0.81999946
0.549770404,0.907001467
0.651612736,0.810908408
0.62066701,0.793695746
0.734446751,0.833441794
0.736426844,0.831041523
0.722208222,0.711707666
0.6325637,0.829217118
0.686808245,0.747183866
0.654005744,0.87106502
0.7400259,0.767752943
0.631734973,0.726083177
0.679870606,0.878143666
0.637679922,0.763172708
0.646850727,0.832130873
0.719418676,0.715660358
0.68245886,0.90676228
0.645234791,0.821549304
0.708667242,0.795034601
0.680893528,0.86466097
0.677670929,0.877253445
0.702386697,0.945961122
0.671699508,0.774099562
0.688646329,0.832855158
0.616802816,0.805004545
0.666898411,0.785243826
0.683796514,0.758212496
0.663989051,0.869482461
0.693558802,0.883768615
0.645217726,0.785245393
0.652759837,0.819382038
0.741067145,0.854866966
0.586865645,0.887052761
0.606629176,0.771553545
0.634798739,0.845349619
0.656631399,0.752848567
0.690046833,0.751348451
0.647818985,0.79311996
0.708664219,0.838220688
0.681872407,0.781414082
0.661320197,0.812750778
0.666441109,0.889883298
0.727386234,0.810985677
0.609704106,0.87188764
0.637752985,0.779048658
0.686039324,0.866884252
0.67268032,0.823330041
0.673821219,0.865400708
0.61117675,0.888853222
0.711637783,0.848304011
0.726863522,0.77919809
0.620025419,0.849146374
0.700506896,0.804155266
0.649054384,0.737207093
0.630378016,0.833592148
0.663062417,0.753658117
0.711007585,0.788671912
0.576756693,0.857953928
0.684592754,0.733963096
0.698650875,0.734352726
0.669499625,0.813125006
0.707343937,0.763422759
0.722180296,0.820336295
0.667932549,0.701481407
0.723720028,0.843440698
0.646732951,0.88890137
0.698318687,0.813131345
0.512203838,0.745729689
0.551989307,0.840843345
0.614052638,0.837433358
0.662686043,0.877002085
0.609833719,0.760071187
0.59224915,0.86036442
0.802111433,0.843901088
0.695645879,0.806559558
0.628645113,0.750405363
0.705706289,0.794584642
0.642284572,0.854760786
0.701611733,0.853496806
0.609360967,0.895662625
0.64327302,0.780513901
0.641175549,0.915159431
0.6169068,0.844043957
0.635603863,0.801131813
0.71990842,0.909943964
0.631876218,0.787586047
0.677914861,0.770078526
0.717708683,0.730962542
0.704382227,0.909061608
0.699743463,0.751922059
0.6676604,0.716871662
0.669223972,0.774902803
0.694673346,0.783987759
0.659207047,0.829964124
0.725134855,0.841130218
0.668552766,0.789320347
0.601723973,0.853050771
0.718956761,0.815288353
0.65470801,0.748128891
0.67996164,0.842269995
0.665179179,0.883421369
0.656209004,0.79697549
0.687409461,0.793016385
0.706827496,0.836814993
0.610434455,0.756940235
0.659744185,0.793188382
0.589638132,0.825541073
0.677472628,0.839569271
0.716391063,0.762995248
0.614602006,0.856046867
0.658594143,0.842415143
0.560163922,0.856957017
0.572280883,0.822538714
0.593310699,0.786804235
0.667747683,0.842254314
0.725887,0.873056803
0.610211042,0.825116307
0.781999468,0.841028351
0.757934797,0.735159303
0.628252555,0.957452696
0.711795148,0.777168445
0.756238288,0.842121952
0.675449695,0.810307049
0.686017059,0.874743858
0.773401964,0.811212619
0.712517051,0.780844942
0.679861496,0.835130868
0.612880562,0.759498422
0.647449082,0.855355692
0.604108457,0.849889331
0.632907558,0.819115084
0.622815902,0.812876718
0.706211636,0.789940911
0.684971342,0.858416716
0.727071974,0.806700138
0.624605385,0.841817941
0.647971453,0.789794074
0.567219645,0.764833656
0.667104882,0.791077666
0.622786041,0.774895615
0.616176759,0.9005824
0.724502818,0.805066222
0.746606143,0.802009361
0.619281012,0.795774931
0.715089567,0.834713465
0.660842826,0.806005147
0.723859299,0.843191864
0.667865445,0.787824874
0.724012532,0.824243336
0.693032181,0.784598427
0.664379005,0.790021244
0.735033004,0.776908224
0.656623752,0.908250339
0.637600065,0.858715645
0.605173376,0.884262285
0.728908654,0.860728512
0.77261458,0.828601634
0.633063305,0.879449245
0.692819468,0.75110632
0.688271384,0.902940885
0.69158288,0.792872403
0.633856236,0.813424076
0.578577857,0.76725044
0.701052286,0.766840678
0.705523543,0.893666313
0.724477575,0.835268776
0.658282271,0.782426676
0.701174538,0.690158742
0.653197048,0.88174741
0.716962932,0.808113217
0.62927314,0.869494108
0.629872438,0.836231178
0.653215862,0.875314393
0.661821614,0.70427913
0.653330051,0.872086623
0.691664738,0.826737716
0.564383637,0.906483259
0.626743247,0.8755035
0.691621535,0.818472767
0.557637178,0.832577465
0.711905299,0.87593817
0.704785544,0.789131753
0.647988475,0.827528733
0.694049083,0.786708893
0.770116651,0.832562421
0.666022996,0.787662676
0.700518447,0.832552696
0.678924286,0.829699566
0.659182633,0.837836056
0.670025917,0.844217362
0.652804087,0.883031491
0.621881351,0.906583817
0.699294661,0.810674193
0.735341052,0.771217585
0.656429913,0.789751366
0.691273882,0.7945152
0.654727029,0.858004172
0.722314077,0.804825162
0.720984646,0.800682362
0.608716139,0.865514394
0.560563912,0.755157092
0.681283718,0.837885074
0.706309602,0.892077462
0.654089284,0.871825033
0.697196702,0.860064921
0.701671374,0.824023326
0.645240137,0.750609584
0.709814926,0.799350976
0.607701174,0.760789538
0.593723276,0.771485167
0.703978769,0.818402842
0.639084156,0.769013569
0.734102366,0.856821428
0.68110781,0.760454777
0.728323433,0.727717741
0.649728629,0.764429157
0.670553572,0.754450137
0.753739394,0.854977594
0.591596898,0.787234692
0.645364561,0.851005252
0.751027041,0.92751198
0.793687776,0.860738092
0.677029453,0.785366355
0.654222184,0.819212599
0.635027019,0.860784514
0.723489935,0.76254583
0.694287914,0.823611107
0.613539884,0.813329629
0.710210913,0.74340697
0.590437978,0.827930805
0.688278698,0.816014031
0.562875216,0.743324653
0.716396471,0.76626472
0.695062682,0.768555638
0.766786264,0.797577506
0.647611979,0.798030794
0.695602016,0.8426363
0.578169355,0.766949141
0.776805326,0.775248711
0.571674419,0.859316725
0.600468993,0.869702199
0.666821813,0.843848682
0.688361144,0.831550545
0.592772519,0.832357498
0.666304809,0.818952635
0.60972705,0.714404627
0.534385129,0.756679559
0.647901651,0.761264954
0.717960018,0.786396856
0.712850948,0.862562128
0.635335463,0.801082363
0.691783622,0.895168478
0.805748862,0.776849267
0.728808702,0.823973751
0.736310497,0.885119575
0.581872206,0.892772305
0.655957265,0.837574917
0.661969195,0.825839258
0.623444492,0.858840279
0.626407536,0.907943742
0.680973635,0.804995784
0.723307713,0.796262673
0.663957528,0.799210791
0.432894936,0.012682638
0.486612753,0.127923809
0.484096329,0.153259107
0.416762147,0.02357564
0.44912847,0.065011709
0.527574268,0.069887192
0.437852028,0.047185047
0.347088673,0.13863942
0.551269338,0.101472443
0.476765463,0.051826463
0.490767532,0.084637749
0.488338304,0.139771748
0.473929176,0.057005686
0.431379668,0.060520611
0.39537413,0.156454834
0.496481614,0.147744471
0.426176575,0.079297471
0.502935254,0.057852888
0.451865766,0.117651789
0.492285069,0.134663505
0.368338651,0.137387503
0.473366426,0.071785776
0.490707214,0.091935814
0.425952001,0.163024784
0.554473193,0.108913336
0.398500498,0.124461462
0.412458111,0.041416371
0.476130646,0.094662675
0.509300694,0.071267927
0.480654412,0.070942838
0.406218789,0.024894209
0.561927917,0.040837111
0.496081094,0.112129456
0.519505289,0.053564186
0.50637498,0.054464251
0.443546871,0.062316522
0.47520976,0.050215001
0.439883693,0.109781502
0.528645843,0.05095089
0.410727806,0.243839244
0.471500621,0.036799326
0.452431788,0.103886317
0.39340388,0.087938292
0.349094649,0.134575549
0.528513086,0.155321833
0.421609356,0.107518541
0.430059034,0.155174798
0.465259037,0.150057705
0.511002786,0.009501073
0.395482751,-0.015331928
0.493350875,0.098106162
0.434006291,0.074285731
0.44673829,0.074561754
0.376815352,0.066812197
0.497162525,0.099287607
0.373378068,0.078485886
0.497183151,0.103743812
0.535731789,0.146910207
0.452387788,0.03603675
0.463710773,-0.027246615
0.449467328,0.080639761
0.448879002,0.107300121
0.423616112,0.108375515
0.549179086,0.083159581
0.464588638,0.187849807
0.527986297,0.09146621
0.543791614,0.002940096
0.417771343,0.015090211
0.452472498,0.120248032
0.49890219,0.156062125
0.480124326,0.161037999
0.520999324,0.015333303
0.4548384,0.066971377
0.551042841,0.099504145
0.36323072,0.037724418
0.435379982,0.131464566
0.530120681,0.089527792
0.486644307,0.135800002
0.431576169,0.056504136
0.431681229,0.089787188
0.607842003,0.054962701
0.521651752,0.168254204
0.434019939,0.086075753
0.415711381,0.050581463
0.537304179,0.141349703
0.474830349,0.041601618
0.400189804,0.060268555
0.527915412,0.057237779
0.436877816,0.066092298
0.424022003,0.048170541
0.444521308,0.045627552
0.463976121,0.026714135
0.474671552,0.063891423
0.470693562,0.059466711
0.507892369,-0.024019944
0.537694147,0.009820711
0.467785374,0.11579113
0.500854091,0.082840545
0.562756743,0.08010165
0.487586285,0.069908218
0.461210326,0.146397403
0.398838505,0.025045608
0.520264579,0.103175526
0.428345389,0.086103869
0.479198788,0.104430018
0.506058753,0.148461468
0.422809068,0.055764246
0.451465716,0.190663274
0.415461574,0.020305611
0.412081391,0.064182483
0.468211821,0.017529307
0.481089911,0.103523206
0.44722235,0.137706887
0.374352289,0.089713212
0.427479362,0.124640643
0.458993933,0.041591046
0.455414122,0.125940922
0.362948912,0.153953473
0.385384682,0.029643652
0.564692988,0.120529232
0.492233967,0.077348602
0.420173088,0.106221236
0.516109228,0.169478793
0.446124225,0.071409663
0.411618184,0.1480582
0.494041109,0.041323942
0.484644142,0.093179647
0.471303305,0.064819604
0.425766924,0.159091381
0.463239616,0.057369024
0.46894579,0.110723677
0.476648387,0.034134083
0.504793302,0.061654826
0.456166708,0.1404714
0.502573109,0.146690038
0.423501586,0.053479428
0.397271995,0.114839859
0.484784415,0.037997153
0.456140731,0.063738735
0.378401129,0.114811772
0.467273649,0.13197143
0.435989975,0.140920941
0.496248759,0.093929738
0.443010864,0.015861555
0.532991506,0.072043262
0.375537899,-0.040818735
0.45944774,0.061156221
0.440749029,0.224962311
0.439916167,0.048461439
0.535557601,0.092454572
0.361941833,0.027367958
0.465393586,0.106917236
0.54071092,0.051413701
0.43617137,0.049970099
0.419225738,0.103465449
0.331624314,0.132699591
0.40878188,0.074843519
0.458859835,0.115978908
0.48366339,0.128772321
0.423907743,0.05207914
0.462463945,0.060451577
0.363159644,0.067983406
0.476893698,0.056388988
0.412023725,0.023571471
0.502090316,0.135820814
0.438032269,0.007449442
0.460795771,0.046636331
0.458454558,0.005995401
0.493267909,0.035966736
0.553538913,0.09765263
0.425359436,0.047035042
0.466540424,0.119198566
0.400547334,0.069962709
0.542978038,0.056619613
0.409275368,0.143001504
0.457603778,0.183228507
0.412414902,0.095136264
0.467659496,0.064437209
0.427004666,0.099908183
0.412231943,0.121443101
0.39392328,0.042447149
0.520345494,0.087966709
0.520506394,0.139494177
0.464126458,0.09113155
0.529445393,0.134748577
0.478158473,0.085705838
0.423539659,0.081922545
0.442597653,0.086483183
0.49895377,-0.019579032
0.375723419,0.033429306
0.375207785,0.062019432
0.505690967,0.078930105
0.416595392,0.072261781
0.500171029,-0.025850348
0.461581917,0.071241663
0.486506107,0.118232504
0.469195504,0.083048219
0.462976433,0.096939759
0.491328973,0.058635295
0.555811921,0.113264712
0.464594187,0.023012766
0.477485169,-0.005433567
0.434293547,0.173326205
0.461748443,0.130536129
0.451669386,0.129624264
0.48467626,0.106958089
0.447455895,0.089043076
0.549528849,0.12344243
0.447654187,0.087882985
0.423732887,0.05696967
0.506033235,0.071761685
0.476244661,0.106331217
0.463333297,0.1895823
0.362194847,0.07920196
0.417795775,0.023995984
0.427631208,0.125243765
0.485430993,0.135329102
0.495688786,0.114904838
0.449180517,0.086301648
0.409000034,0.08532915
0.455160605,0.07733143
0.385241212,0.092110051
0.486034554,0.078624245
0.492655235,0.113044028
0.433158892,0.062898538
0.462436982,0.038657532
0.485229683,0.098872103
0.504310488,0.02285925
0.486673463,0.114024286
0.462439597,0.061115992
0.559529037,0.070697833
0.477490919,0.035716008
0.42950866,0.086695498
0.434163379,0.034702152
0.511266452,0.122265376
0.481027049,0.086136924
0.42367682,0.036758126
0.375103493,0.080399098
0.491461268,0.131510785
0.328433676,0.151523189
0.471673768,0.11388692
0.453021902,0.077050412
0.529419451,0.074510652
0.360666508,0.000392863
0.482128852,0.04627191
0.508221754,-0.007162883
0.436035536,0.097811277
0.46543487,0.076408086
0.390379387,-0.004633762
0.564711086,0.096454489
0.490031123,0.149757195
0.472722194,0.0870795
0.405566167,0.133250114
0.495536719,0.128842974
0.416308184,0.048468038
0.428798404,0.195350202
0.440676627,0.134428844
0.416885323,0.026605187
0.419424615,0.038789994
0.51217813,0.100931584
0.489165056,0.045952321
0.513430632,0.1278255
0.469706249,0.151107053
0.519426214,0.090751681
0.462646018,0.125532459
0.526570046,0.086917951
0.441655619,0.063100761
0.535233685,0.118452462
0.462786435,0.10753441
0.555653016,0.101866225
0.512104094,0.052703809
0.52563307,0.070932238
0.525807632,0.108874152
0.442786546,0.167522289
0.468468388,0.053470773
0.470746179,0.078403252
0.428281202,0.132781946
0.536468193,0.10728598
0.453142906,0.116549913
0.403230969,0.127044938
0.464428529,0.024790358
0.476155021,0.153232677
0.35739053,0.168985072
0.482328998,0.111041225
0.47581563,0.092634705
0.538991835,0.033954521
0.413463026,-0.034045383
0.522368761,0.040863542
0.412218164,0.10962469
0.495528944,0.158455365
0.475245995,0.124711301
0.515416934,0.053131793
0.462509583,0.054700006
0.497626788,0.108114189
0.374332103,0.116780628
0.469713608,0.117035494
0.476955215,0.096179191
0.386142092,0.219195329
0.473414051,0.071808191
0.413068008,0.177630809
0.498370578,0.100549558
0.500445295,-0.007749631
0.432645818,0.137688297
0.45062936,0.127973022
0.401643956,0.231940405
0.575805701,0.131879349
0.507438279,0.008849055
0.444993942,0.172152691
0.46439178,0.118089452
0.533772567,0.054355247
0.399561183,0.048558604
0.473723476,0.121480118
0.483203232,0.178900787
0.381325943,0.018851941
0.503287448,0.104784539
0.452549058,0.072592144
0.456981996,0.073850564
0.509006379,0.070854596
0.561678374,0.203137202
0.428329866,0.081431791
0.413168237,0.094641138
0.480220221,0.083570547
0.554841675,0.132639123
0.546034995,0.071011378
0.413496854,0.152534698
0.421917279,0.109263059
0.504623425,0.074150938
0.40184977,0.099989679
0.471088948,0.101532109
0.424456669,0.098124853
0.444029915,0.078569113
0.449034642,0.146564389
0.418816132,-0.019482746
0.41514221,0.033025791
0.422248443,0.098485573
0.402845673,0.136268672
0.479197387,0.015725213
0.477349348,0.080355448
0.484191118,0.157746327
0.436286573,0.049750303
0.41170934,0.103953676
0.428332411,-0.002248241
0.511787194,0.044917237
0.504944657,0.073784806
0.455810749,0.105520363
0.482826835,0.058543973
0.496994636,0.094549878
0.390929486,0.146771645
0.532294312,0.09430761
0.514586397,0.127798116
0.387206983,0.048518923
0.442456936,0.132064883
0.407549741,0.020377647
0.479848482,0.075374481
0.429784898,0.098983277
0.423948169,-0.00228968
0.478790912,0.086464917
0.459405979,0.043228821
0.55487799,0.114843298
0.489801794,0.143580861
0.417910142,0.072519287
0.332399979,0.093506428
0.47578987,0.098663928
0.508091234,0.08955781
0.437955985,0.044987042
0.559770763,0.129920454
0.464354181,0.069168789
0.4737338,0.172034443
0.484833379,0.093432977
0.446993913,0.106024638
0.475727962,0.119708303
0.464167978,0.167607409
0.3735308,0.080920032
0.426469855,0.160970428
0.527307101,0.019977927
0.4726154,0.026147245
0.450700754,0.145566767
0.670544289,-0.005914061
0.503513172,0.13430771
0.462844076,0.049293849
0.446106323,0.059614686
0.389127134,0.050823108
0.450413333,0.114526752
0.53186049,0.133343487
0.481796696,0.085556453
0.486287208,0.142084169
0.41450495,0.188797456
0.443407209,0.103799122
0.536710868,0.033585917
0.440681803,0.039167366
0.484135836,0.151002513
0.492229282,0.123838705
0.433034896,0.096075973
0.419954706,0.054740132
0.42729714,0.107703503
0.392873234,-0.016405199
0.454873334,0.165139711
0.407075328,0.158544041
0.441436821,0.152025409
0.451234917,0.204402038
0.384500646,0.054265857
0.44785892,0.121259004
0.530842204,0.126758217
0.468141479,0.119114756
0.464239048,0.186858385
0.503802826,0.149514203
0.380295052,0.049840331
0.458279852,0.13515204
0.423528995,0.054230926
0.482884414,0.125757902
0.488781996,0.131763515
0.422690405,0.201882837
0.484304848,-0.004353731
0.439062099,0.183222745
0.449494974,0.07218663
0.449012537,-0.0197492
0.414420514,0.073302634
0.468599887,0.094676445
0.484742488,0.052389861
0.539381925,0.078258828
0.430349922,0.036029077
0.529451281,0.179916826
0.575075737,0.102487155
0.41627501,0.03548507
0.430767204,0.099883388
0.334590072,0.151353593
0.457993018,0.030648858
0.361673707,0.02425648
0.410161616,0.167149762
0.434619392,0.068721718
0.400457191,0.054910263
0.445144417,0.176361288
0.458615121,0.021545499
0.524884245,0.160558258
0.438428242,0.018967342
0.372309363,0.163332269
0.388452491,0.103893054
0.396468163,0.040042073
0.447703241,0.145717157
0.414760763,0.08827126
0.507511266,0.129047004
0.42514099,0.093667361
0.453825832,0.092601202
0.434366929,0.135981081
0.501279914,0.049429874
0.472562385,0.040100404
0.424457182,0.033136288
0.484929002,0.053960175
0.479562735,0.263415536
0.500200039,0.121429443
0.511157773,0.033440738
0.393719376,0.185981014
0.4254315,0.166750819
0.457959046,0.068858057
0.467725082,0.078045211
0.408291681,0.148774557
0.357175846,0.05652053
0.443954785,0.139914424
0.540529635,0.021692242
0.523090079,0.078060682
0.526709798,0.075549655
0.501415381,0.092467514
0.436149303,0.008004056
0.431697719,0.043719608
0.488284781,0.017236047
0.44227773,0.018391101
0.476061244,0.034741656
0.44533708,0.141122255
0.458910542,0.161286402
0.419926948,0.030429935
0.534245968,0.087266802
0.436283133,0.083552659
0.505398106,0.102638049
0.42645529,0.134502596
0.509511879,0.097567575
0.500856318,0.094205739
0.545440396,0.114288437
0.40491257,0.117955718
0.530803545,0.004973167
0.422123257,0.224783446
0.416570266,0.076636245
0.368515868,0.123285345
0.450310725,0.156658363
0.608309279,0.067556645
0.438410998,0.058257331
0.433248015,0.052043889
0.441396565,0.154877972
0.515208568,0.060410955
0.480189952,0.067925218
0.433482748,0.041288179
0.496845891,0.053106713
0.42141605,0.100336105
0.458973429,0.147332416
0.477391382,0.196488834
0.405099009,0.047791413
0.569796238,0.042565839
0.507581089,0.021316959
0.488122625,0.05470154
0.501520095,0.061497537
0.393915501,0.094268819
0.442029822,0.077342961
0.457619055,0.047039406
0.477889509,0.066438651
0.471898828,0.18029017
0.555925041,0.047621482
0.432570555,0.140121682
0.458209764,0.077368646
0.477199449,0.108550298
0.467627519,0.137110601
0.452647142,0.067400979
0.451048409,0.027767677
0.499356392,0.048262291
0.484132379,0.154420412
0.396232502,0.060834324
0.425107636,0.091290453
0.456175808,0.094174117
0.51236598,0.10133081
0.377297203,0.033585169
0.458395917,0.081027875
0.390482849,0.076300053
0.571486254,0.107358837
0.402386502,0.082416449
0.382027979,-0.065368639
0.425388415,0.057915473
0.445084562,0.127248203
0.460838832,0.114451214
0.443213584,0.128453789
0.377908601,0.1246343
0.458295592,0.103455143
0.414890715,0.095244362
0.489600803,0.127118701
0.411503665,0.090974789
0.431244119,0.106175199
0.495563253,0.139177994
0.397066684,0.018155956
0.381619883,0.065774283
0.486790929,0.078532854
0.396820769,0.119879225
0.380432793,0.133923233
0.404310658,0.159673202
0.435513625,-0.002625138
0.47986982,0.146672082
0.454907484,0.041462992
0.489210683,0.052986105
0.43862737,0.061585754
0.362235833,0.084675283
0.479694078,0.082979905
0.479912524,0.051854414
0.399551632,0.12064634
0.405092339,0.100667794
0.479153118,0.129181239
0.449418622,0.105174207
0.453766904,0.085304677
0.547046717,0.107575952
0.420564875,0.093872831
0.473992221,0.046989758
0.421956699,0.159421813
0.470826541,0.042675176
0.488210767,0.190148644
0.507261675,0.106311228
0.48141874,0.116590185
0.394272997,0.058149559
0.420954675,0.10190412
0.504085731,0.080269933
0.57578808,0.095065599
0.476126719,0.170364989
0.452114432,0.096229351
0.560447258,0.156506537
0.488478441,0.111759297
0.51003237,0.088952783
0.449074824,0.176646657
0.509325026,0.096747905
0.45719436,0.047563503
0.45939437,0.053218789
0.488085454,-0.030868265
0.384561476,0.088486451
0.541157059,0.114459691
0.461748103,0.110230286
0.337069316,0.062633713
0.551160092,0.129682868
0.423588529,0.033087055
0.4650757,0.110092066
0.41798865,0.142828159
0.317610339,0.078108604
0.4722418,0.041112173
0.50776132,0.054610581
0.548203008,0.102404995
0.432099314,0.112145359
0.564663293,0.077893316
0.398395581,0.157066677
0.495574634,0.085783301
0.481179833,0.140093834
0.474050882,0.113431244
0.452359596,0.028472141
0.494771761,0.033460995
0.504085626,0.040387782
0.410403853,0.075559103
0.535932127,0.223108286
0.508648825,0.033091182
0.39214132,0.035347663
0.36041179,0.092006997
0.510552674,0.197172876
0.439967377,0.140571733
0.545341432,0.065876186
0.521067765,0.19379215
0.478050466,0.143702938
0.348828893,0.030266883
0.479261636,-0.011262199
0.455766179,0.167222344
0.452542866,-0.01181122
0.548506424,0.074373531
0.534880331,0.132028272
0.425851091,0.072593694
0.555344684,0.105518832
0.400969425,0.256780423
0.463661072,0.122825258
0.442458669,0.030399126
0.556704492,0.14966026
0.43847992,0.100576279
0.546822437,0.052840002
0.508060562,0.135102627
0.489163583,-0.011080165
0.48471952,0.085732335
0.433896818,0.015413248
0.464580843,0.161557172
0.48501941,0.067765592
0.437572604,0.069298816
0.494371688,0.031400316
0.46701611,0.194122181
0.486334637,0.178371207
0.526645102,0.092567657
0.439912486,0.12859984
0.48158169,-0.003897572
0.524965771,0.053878714
0.518388816,0.110434871
0.508510088,0.044969296
0.406780418,0.196748907
0.413551472,0.132270253
0.452673054,0.100517699
0.408073516,0.015590248
0.350200953,0.001495145
0.499018887,0.1275278
0.385284301,0.053793314
0.347378985,0.189864292
0.479636391,0.016127833
0.451422783,0.05075699
0.45052986,0.091164239
0.566518333,0.138475428
0.471235879,0.042372123
0.459767918,0.050971722
0.459596949,0.120778473
0.465740928,-0.002709239
0.451591076,0.055464656
0.499517869,0.080904464
0.489634225,-0.021459327
0.421294842,0.078164045
0.512158896,0.151848439
0.505395466,0.128744043
0.446208289,0.154352325
0.578255788,0.040696208
0.482426329,0.092638657
0.422566498,0.020827731
0.361673216,0.066077119
0.49708297,0.034536461
0.491839335,0.065707001
0.524251136,0.070719568
0.514675271,0.079259585
0.503545346,0.120040864
0.526489418,0.109687615
0.464761444,0.163028944
0.391811648,0.107661257
0.509869975,0.023983516
0.509146343,0.12405855
0.45998759,0.044784945
0.557763924,0.088449123
0.523255733,0.083025181
0.43388065,0.065613484
0.43237031,0.051436465
0.530498839,0.060697363
0.413401449,0.126625829
0.47780678,0.116204154
0.410411525,0.155275999
0.475431746,0.067351841
0.420530558,0.064830205
0.381483267,0.15873964
0.467991783,0.137956905
0.437377623,0.032167177
0.501723237,0.116443686
0.37528937,0.005386921
0.379178055,0.1534736
0.476317595,0.069180241
0.466541506,0.178119777
0.457975838,0.074076478
0.520170575,0.139923888
0.47413383,0.124742463
0.498049118,0.06551656
0.410409211,0.125418703
0.551078368,0.00749648
0.475237192,0.105231135
0.44412538,0.090505154
0.443678442,0.086424909
0.494755844,0.108551221
0.425359208,0.047726628
0.455799236,0.027866647
0.455137867,0.115027515
0.463714505,0.093410022
0.528158154,0.078122252
0.540956074,0.026905783
0.610732873,0.091824977
0.469135746,0.149621922
0.532099217,0.088201279
0.456405085,0.094751274
0.406290614,0.101806523
0.322828501,0.097786863
0.450310582,0.09621722
0.453432185,-0.002030953
0.509988826,0.045983546
0.36628512,0.004491113
0.521210304,0.00190392
0.374783408,0.126204811
0.466760759,0.066756959
0.499493703,0.174902502
0.464413333,0.115550312
0.508131125,0.112470596
0.437327183,0.089151722
0.418621778,0.074596277
0.516998182,0.136036009
0.516506498,0.137761402
0.413328357,0.166455525
0.422164996,0.076446833
0.451256489,0.053372137
0.532627902,0.079487601
0.405277181,0.115193146
0.491488305,0.173874767
0.511057667,0.034918184
0.471182936,0.016651301
0.487483403,0.032963098
0.427665641,0.067691834
0.427242229,0.102412111
0.526412899,0.127107555
0.429626291,0.114225457
0.432301047,0.115089487
0.462789378,0.095774597
0.523429117,0.085310518
0.468641488,0.138043326
0.471940348,0.053706154
0.481336891,0.100633427
0.540098528,0.057652894
0.454761146,0.040124149
0.486554422,0.107574222
0.466206805,0.122046703
0.470979583,0.114311451
0.470179826,0.055132375
0.478231708,0.116202705
0.471691545,0.14870597
0.50797758,0.07540603
0.460282848,0.055993018
0.515016138,0.059233288
0.454115146,0.151839292
0.434944025,0.157779755
0.395895827,0.146652866
0.463181641,0.125448485
0.442882007,0.101997666
0.439021803,0.172685296
0.420866245,0.138926994
0.402926052,0.129079668
0.442788833,0.016516248
0.46473732,0.104496633
0.526362168,0.115664066
0.502593201,0.144971593
0.428414204,0.103603837
0.49227994,0.098808919
0.493234763,0.138329621
0.483784708,0.113380676
0.491186443,0.098639645
0.479967307,0.120438921
0.502286832,0.183163376
0.470936063,0.05661558
0.523480399,0.189515426
0.455779271,0.146522966
0.474892898,0.085891481
0.494812626,0.109642773
0.390925587,0.047790128
0.41286107,0.174626413
0.556350266,0.20954235
0.414210996,0.079262348
0.499041564,0.097142225
0.473870908,0.066420329
0.582903988,0.137631995
0.384487854,0.119254403
0.375436774,0.039126804
0.341297185,0.033894103
0.504595959,0.132611377
0.480643857,0.15003749
0.608145141,0.10343102
0.363361724,0.082485555
0.403697263,0.101721252
0.537632128,0.128130397
0.475025663,0.051127776
0.437510953,0.14920191
0.486846375,0.048911242
0.465576127,0.050049955
0.50951021,0.060313185
0.512845,-0.001134697
0.549013462,0.072956493
0.491867924,0.120418826
0.568898382,0.094823477
0.500446647,0.08500876
0.49533434,0.09187123
0.418333901,0.137960713
0.413219858,0.055409573
0.405446578,0.077879859
0.458729637,0.150607373
0.469230764,0.064276784
0.414265289,0.067790809
0.478075455,0.112215823
0.422728514,-0.012266111
0.52872273,0.066451394
0.397297775,0.16792548
0.600191145,0.06025714
0.496274813,0.038410084
0.493284377,0.031555835
0.509200549,0.050801315
0.443190693,0.172118952
0.492925795,0.125328916
0.409395197,0.072597127
0.362045869,0.111895466
0.44637472,0.059129002
0.466470034,0.079734474
0.363370137,0.000942606
0.490436143,0.059090884
0.508805498,0.119782194
0.420965533,0.038647008
0.33878292,0.008992784
0.42044935,0.10407481
0.44400399,0.032292631
0.501013167,0.033496531
0.50019875,0.022231098
0.469049447,0.057019471
0.442023179,0.038432315
0.449097328,0.06313112
0.496634852,0.234864721
0.426730094,0.189817012
0.476182541,0.123215202
0.436276312,0.006743053
0.482112971,0.110005032
0.492516017,0.082472221
0.546109094,-0.020815595
0.450874709,0.107496793
0.422248288,0.076315556
0.570345702,0.139448207
0.321590399,0.030541995
0.481263384,0.120819655
0.507707149,0.095686834
0.52415806,0.089459553
0.462849933,0.071482076
0.472364274,0.202484707
0.523747977,0.085970785
0.439678565,0.103675429
0.378028144,0.128661905
0.411072815,-0.011108077
0.411108149,0.15555253
0.424446095,0.075836811
0.59216899,0.110709924
0.423935861,0.159935072
0.463822286,0.177804656
0.51856081,0.068215725
0.357340225,0.075464959
0.421077655,0.129206576
0.491517023,0.190971266
0.427670707,0.129798781
0.454554673,0.112244362
0.524554504,0.143517309
0.443376305,0.069380023
0.502864293,0.052270842
0.470485012,0.135823184
0.515440921,0.150678815
0.43757567,0.076671221
0.446725893,0.054812663
0.487245091,0.111084374
0.465293608,0.081107448
0.493966023,0.121469839
0.468529174,0.101717095
0.464236843,0.02670475
0.38731236,0.00215617
0.524802337,0.107551155
0.503817592,0.147040108
0.361762618,0.090619747
0.426127968,0.180567697
0.526743885,0.073357872
0.477368502,0.139456598
0.469831506,0.088024617
0.4521282,0.093304192
0.455239015,0.08367364
0.529113493,0.027239638
0.415027764,0.090964928
0.470934136,0.103458713
0.447121924,0.084309873
0.513623156,0.09697323
0.476950096,0.097811741
0.448790002,0.091202881
0.415185127,0.163556213
0.571585785,0.080876432
0.447148028,0.122080978
0.509721096,0.0075911
0.491323809,0.073043613
0.489444046,0.066395735
0.461551912,0.113680178
0.49353135,0.078767525
0.440652093,0.080337503
0.480839596,0.12137468
0.475810499,0.177895533
0.43649009,0.128163588
0.600121342,0.138054563
0.342651557,0.122653737
0.570480447,0.091000862
0.503579153,0.151818276
0.385507423,0.129476508
0.502943612,0.069134318
0.508526873,0.162984992
0.447868114,0.095956606
0.470256967,0.117538434
0.501219386,0.139120628
0.525240763,0.146354331
0.405195287,0.217599948
0.446172774,0.076170228
0.474526132,0.080997297
0.452036671,0.050844876
0.443061337,0.11148993
0.46097018,0.121888192
0.441594324,0.057064355
0.504581676,0.127288433
0.502415425,0.056351867
0.469256628,0.086754852
0.420548636,0.110280195
0.488002133,0.014119706
0.528706099,0.140329428
0.446081312,0.123581793
0.418870184,0.200205812
0.415892069,0.114448553
0.445581662,0.061184754
0.51325084,0.098740129
0.405994947,0.035180269
0.424901389,0.140896667
0.442124441,0.083908925
0.467103857,0.050691294
0.477180891,0.072150263
0.472060136,0.045815529
0.551700339,0.084432543
0.460492888,0.053944736
0.506202972,0.04515134
0.459893337,0.039608545
0.339441948,0.12498339
0.461783754,0.136302228
0.433575639,-0.022298143
0.423543048,0.070600739
0.438216694,0.017750746
0.472831847,0.063690882
0.393955624,0.02535505
0.504079634,0.11912079
0.519678519,0.200605584
0.474731404,0.045299641
0.456765241,0.033939461
0.447385418,0.075491582
0.491419687,0.145397121
0.440479461,0.077604384
0.410184175,0.122654985
0.514023627,0.010262473
0.535333409,0.108883358
0.499616222,0.128723718
0.52265376,0.17525732
0.4168865,0.095121617
0.477810798,0.004957603
0.509398924,0.119437276
0.514066934,0.102579014
0.47686598,0.194065483
0.420455961,0.117189761
0.466334057,0.002584429
0.427251916,0.042231445
0.440648528,0.134534874
0.444689796,0.093106241
0.350768562,0.088352054
0.499810463,0.131338384
0.499264451,0.08772055
0.491587435,0.12304516
0.445401797,0.027614043
0.449022077,0.140265783
0.522907187,0.17717665
0.471872492,0.132362461
0.475870821,0.051094363
0.503031516,0.028059095
0.435356277,0.133349894
0.420383209,0.175522587
0.44407327,0.03327189
0.4100362,0.157852555
0.50610989,0.0761625
0.476361509,0.145244781
0.457347849,0.100861576
0.461662136,0.121396199
0.543156139,0.114087311
0.49393127,0.49390684
0.493192887,0.474175642
0.550522857,0.490902657
0.587053497,0.426465035
0.625313145,0.48679135
0.593766705,0.443613864
0.52751589,0.403794028
0.520062794,0.427607018
0.514170339,0.444230324
0.518885,0.444805936
0.507997549,0.436337463
0.492989908,0.414885429
0.566483713,0.448306501
0.510342301,0.445047755
0.568764123,0.393173495
0.544364551,0.496093722
0.681681395,0.488662271
0.53947229,0.353524714
0.628842184,0.553582491
0.543707032,0.512747277
0.586808081,0.466735899
0.623415888,0.457138244
0.503881754,0.441775103
0.474791819,0.463621297
0.527009022,0.435574818
0.562468936,0.464237076
0.575971717,0.471864066
0.510393777,0.528382392
0.609468074,0.462500513
0.552751633,0.511471061
0.554224623,0.508308583
0.575258556,0.519294906
0.616901703,0.470844518
0.582889438,0.370596051
0.583966072,0.418662493
0.54740492,0.386138789
0.443111335,0.400819255
0.627006008,0.530349968
0.659161795,0.48025995
0.526307165,0.422416101
0.580259153,0.480009909
0.510542575,0.501234566
0.480026065,0.445376767
0.629947425,0.411784886
0.538870849,0.486572588
0.562116099,0.38170192
0.573281974,0.435735347
0.576233622,0.45100498
0.583072506,0.47664027
0.567667211,0.414198089
0.657359074,0.448604059
0.564781501,0.441314855
0.509573444,0.407417494
0.614603293,0.456360985
0.536178675,0.521445255
0.4361591,0.497076132
0.519386457,0.470819154
0.628662061,0.433889895
0.545025301,0.401273458
0.525866566,0.412956816
0.526709155,0.454597472
0.509167491,0.450081774
0.559862242,0.421226161
0.56190309,0.337456687
0.587882402,0.42110176
0.571188932,0.496518882
0.506697275,0.467547675
0.59411985,0.440534364
0.561086676,0.473780867
0.554816462,0.418606262
0.556726236,0.509250584
0.487953474,0.445449044
0.505904411,0.439758839
0.568839344,0.45819125
0.603871029,0.434787614
0.531197507,0.536535108
0.537503324,0.358715737
0.573660777,0.496660049
0.663718119,0.414009372
0.623578785,0.416182897
0.635952647,0.451988918
0.54222319,0.438758593
0.528998179,0.474430468
0.537904106,0.449523462
0.622303194,0.393222816
0.562076724,0.42899107
0.52989398,0.474923901
0.590104794,0.416737734
0.588708049,0.537248505
0.523108575,0.487718153
0.56413784,0.509676911
0.527708196,0.454304223
0.554034326,0.534723811
0.549799256,0.346487393
0.596022341,0.480430223
0.578148382,0.419412913
0.627622846,0.439216386
0.505913589,0.459647533
0.526387403,0.426211364
0.567304615,0.40229649
0.60575632,0.450764699
0.612456427,0.495683108
0.577146582,0.499138107
0.563675555,0.507630736
0.605706047,0.534521338
0.606124766,0.448226134
0.511262966,0.486319146
0.614038854,0.561085719
0.499754275,0.53770479
0.500694306,0.461467705
0.506670537,0.434589655
0.439775292,0.379614618
0.517202594,0.421028442
0.54319688,0.493678625
0.578099794,0.466371718
0.521074368,0.43736909
0.624300148,0.500847783
0.589572555,0.567881372
0.46600703,0.488991311
0.612982883,0.424899023
0.552454899,0.455806027
0.604160883,0.41288732
0.520938898,0.467050073
0.626546394,0.525579405
0.57532103,0.487261965
0.59342148,0.5257608
0.6045774,0.579611103
0.529252204,0.417572215
0.599459983,0.432633228
0.462112444,0.487990216
0.590736842,0.435939297
0.659499651,0.452390237
0.545182861,0.479426853
0.580959541,0.425503684
0.544643078,0.549142912
0.510453087,0.496752104
0.523420572,0.44121228
0.585423341,0.50494221
0.576947132,0.33539873
0.468096793,0.44361369
0.532309577,0.520447471
0.548857218,0.409499537
0.552743068,0.448543613
0.594185003,0.412749064
0.550903796,0.333577897
0.501334348,0.512415792
0.624881109,0.462264689
0.544449777,0.462672357
0.479975765,0.406276728
0.605667338,0.438286192
0.5586018,0.442181737
0.54492506,0.393864969
0.526635691,0.498978526
0.588402699,0.468886861
0.574859998,0.431564391
0.548038964,0.486425724
0.52178277,0.472284691
0.518274803,0.423723977
0.524884475,0.440485904
0.479952084,0.425131046
0.536778085,0.41676017
0.61946237,0.391983053
0.575440486,0.461246816
0.588693021,0.468516891
0.557425396,0.543462576
0.413885269,0.434168189
0.564678822,0.356988175
0.5248968,0.46137045
0.543709724,0.408467793
0.589397983,0.510684613
0.467915181,0.416009366
0.541920487,0.359830629
0.632824092,0.44560561
0.530241377,0.517731623
0.515994484,0.465244105
0.572936357,0.363277078
0.474144174,0.458575638
0.569887748,0.521997199
0.503041795,0.449837057
0.617495353,0.427961974
0.543151158,0.520066374
0.547947486,0.447361549
0.580718498,0.5029749
0.56896135,0.443483303
0.596446776,0.438025256
0.440203839,0.412701752
0.502866443,0.390511361
0.577993621,0.460168695
0.584888469,0.459344945
0.565656302,0.401117184
0.586232933,0.417200125
0.504531947,0.34455675
0.636813021,0.540937271
0.502012532,0.428585011
0.613738651,0.455282482
0.57900479,0.514419924
0.517070089,0.425659045
0.593136035,0.436909609
0.48119934,0.496451684
0.510093453,0.44667989
0.518993299,0.549236536
0.573586562,0.47827477
0.558151688,0.506206516
0.531542461,0.43772557
0.646785902,0.455164347
0.548252077,0.447448336
0.581573989,0.481718179
0.550848917,0.518073835
0.511667312,0.490918392
0.560536903,0.454275732
0.539533154,0.488509403
0.475634119,0.491524989
0.540719526,0.417188426
0.544639938,0.43746513
0.634288944,0.50387825
0.573674323,0.49807767
0.529729694,0.329724603
0.539141288,0.489892576
0.544713173,0.495565309
0.535479517,0.4609995
0.50701785,0.424773766
0.565729402,0.526826691
0.641121558,0.461359043
0.570191129,0.467064482
0.522089192,0.474906641
0.594870761,0.499254154
0.52404005,0.366735062
0.556570014,0.515454692
0.46696275,0.452971556
0.557095627,0.440970516
0.586329243,0.443058376
0.613268687,0.430727846
0.559138603,0.503183624
0.522276944,0.462722908
0.479212165,0.478220978
0.460367469,0.45983002
0.523310933,0.465673727
0.602091355,0.396162286
0.528291615,0.391138417
0.67874691,0.485044893
0.626184188,0.460821664
0.598925077,0.402215908
0.586184263,0.526613188
0.571847693,0.439835508
0.556428652,0.550527933
0.436475178,0.482052987
0.534304841,0.488056784
0.622244296,0.504502286
0.520458403,0.498593917
0.489973621,0.453647525
0.568722354,0.509900906
0.56748457,0.432942072
0.645090392,0.466798666
0.615819858,0.51176747
0.535210809,0.503647022
0.641822778,0.472318217
0.629262983,0.453732977
0.517976781,0.426512708
0.553945294,0.455133549
0.616065667,0.334236797
0.638831663,0.448165673
0.533366696,0.443879715
0.588867859,0.425361622
0.527274519,0.458476471
0.573674473,0.397877925
0.61341771,0.470955932
0.424327099,0.516396579
0.529250876,0.471263624
0.569643032,0.465581523
0.525522203,0.550895378
0.504976145,0.446297647
0.533781203,0.491362844
0.586876766,0.422063194
0.568122354,0.493058145
0.555378356,0.473204418
0.556174624,0.440940839
0.514871466,0.481430691
0.590421624,0.429187519
0.586402138,0.496433653
0.539974793,0.398134901
0.544414881,0.478149851
0.57181788,0.40052579
0.542629547,0.50820737
0.550505725,0.548114801
0.604738624,0.403361946
0.538045089,0.418955675
0.489823761,0.477467926
0.567772824,0.40074579
0.529892405,0.452603153
0.459614281,0.481646122
0.580880341,0.424238467
0.588381854,0.506947012
0.558497737,0.588426144
0.49544846,0.493313149
0.531593389,0.459533935
0.50621952,0.533605553
0.510922619,0.455123336
0.479988634,0.495976873
0.554606656,0.438710325
0.639118449,0.377723554
0.598669313,0.45381092
0.501194599,0.442219146
0.484566959,0.485841098
0.56772385,0.525106491
0.602200721,0.497517107
0.547061115,0.482195339
0.612227905,0.464247565
0.589791525,0.456863851
0.570891587,0.486275788
0.590130871,0.519305409
0.5042956,0.369550105
0.569019142,0.566969937
0.543203964,0.40066226
0.564966036,0.558828665
0.545187531,0.464859151
0.524707197,0.480804979
0.643551442,0.431216273
0.511899501,0.473467579
0.497530814,0.523097071
0.585968743,0.507639538
0.548141471,0.531464871
0.592127068,0.386669131
0.592472805,0.517158403
0.541346889,0.504769668
0.548836473,0.3496213
0.523931301,0.460609236
0.552466281,0.396737786
0.526272657,0.424918986
0.575984781,0.431076946
0.587903318,0.422311929
0.507769393,0.48656733
0.532254372,0.326595583
0.530180801,0.432872355
0.567212098,0.506867705
0.59270572,0.476962767
0.552343111,0.488629145
0.624625916,0.410734641
0.567895241,0.458177856
0.570175998,0.473305826
0.622820265,0.501830393
0.511712383,0.445949474
0.528099867,0.519177383
0.621282151,0.492039313
0.547782383,0.440688693
0.539478142,0.330891735
0.538170365,0.454399383
0.585515528,0.41939125
0.573559753,0.462039621
0.650322464,0.446574858
0.581865031,0.452959945
0.545448191,0.439774528
0.56400645,0.496227088
0.587425737,0.411806244
0.487558999,0.438040245
0.591941059,0.501829955
0.588300072,0.427504811
0.636026675,0.37394789
0.556980238,0.428969542
0.628688233,0.423791992
0.541070846,0.56097561
0.554175006,0.447725719
0.529395551,0.485671903
0.548911355,0.400155655
0.592675371,0.436971667
0.54928975,0.477418716
0.710759902,0.460746139
0.624835716,0.444704541
0.51032343,0.534944231
0.603993569,0.413933529
0.559422294,0.48731792
0.527309079,0.423894006
0.594982855,0.442197335
0.557252567,0.549878396
0.695793986,0.46979625
0.523339569,0.402365924
0.596630832,0.466054367
0.60942682,0.479023214
0.511567353,0.47628809
0.561680504,0.400220007
0.529050627,0.439620563
0.629832338,0.476290094
0.543669192,0.537654992
0.586164868,0.407436465
0.493065591,0.474843714
0.49811267,0.512477328
0.576915162,0.355473875
0.506401029,0.552138573
0.599101247,0.453724172
0.515272091,0.42015973
0.544894692,0.506126954
0.565887723,0.463975529
0.43689061,0.457418398
0.592030554,0.460847874
0.595437411,0.501565078
0.481789539,0.448486446
0.602650255,0.513797401
0.57285543,0.47531435
0.546300929,0.475081556
0.561415355,0.473955841
0.527890747,0.468865621
0.538506065,0.384935717
0.595047108,0.464708617
0.585250475,0.454128393
0.559454903,0.459869957
0.511623736,0.372529394
0.565198569,0.48710402
0.59069608,0.500649306
0.575327408,0.526415275
0.516168202,0.496905611
0.590001784,0.507806981
0.562995576,0.399998366
0.505849721,0.563820162
0.568692935,0.46446231
0.589113124,0.414159142
0.649747196,0.387054176
0.540903094,0.431427586
0.533552732,0.483119992
0.622981849,0.446865472
0.578653319,0.470128858
0.569287905,0.45253664
0.567657053,0.437811648
0.59424349,0.371431717
0.542386925,0.387418596
0.512575672,0.526884287
0.506721496,0.410827869
0.548563318,0.431974678
0.528868638,0.5509195
0.550319172,0.403243347
0.579133015,0.359045589
0.602343914,0.419689039
0.604952048,0.499018123
0.538370931,0.474035917
0.61265811,0.457103354
0.518115028,0.580534302
0.615002046,0.542625005
0.649605726,0.378854386
0.52140325,0.416413356
0.573105226,0.49348668
0.531853097,0.540154789
0.593014088,0.518248632
0.556228986,0.461479987
0.592281698,0.497758478
0.621843065,0.45517591
0.530956565,0.508575703
0.631353231,0.518969012
0.586488602,0.365130183
0.552527516,0.400049386
0.473757908,0.378466584
0.603600501,0.455107127
0.532050142,0.416018837
0.518527772,0.524806043
0.59270657,0.483639686
0.50574522,0.461408539
0.57437116,0.448765045
0.642405902,0.452022939
0.456139593,0.387455293
0.570839108,0.477122295
0.555864658,0.474047737
0.513507447,0.506390207
0.554162201,0.400456994
0.59188694,0.483211326
0.564135409,0.402302988
0.55120998,0.503793233
0.589534757,0.387146143
0.511795541,0.414273617
0.581953326,0.482114738
0.53647053,0.37446947
0.466559182,0.455445822
0.573879913,0.406209607
0.530303666,0.433679681
0.641610109,0.444192925
0.48666048,0.449484944
0.462078453,0.495592002
0.553259666,0.522566513
0.523935472,0.458085865
0.620548785,0.380634948
0.503773674,0.426773299
0.55534186,0.505219813
0.555513858,0.500444333
0.510618097,0.517012252
0.560864971,0.464722786
0.643277081,0.404935473
0.593710945,0.440744719
0.639523449,0.522436403
0.599852797,0.429690485
0.490007456,0.38404388
0.555360685,0.396125171
0.512228118,0.441764164
0.606836169,0.487148367
0.519913666,0.463306986
0.56318637,0.555671756
0.467560278,0.391408142
0.459587966,0.489123518
0.611737906,0.435043732
0.544186693,0.494804685
0.590455174,0.419365794
0.675332479,0.42774931
0.526973944,0.378708553
0.578053673,0.427927853
0.51326272,0.443528654
0.497775721,0.414563301
0.686445602,0.446449248
0.595157993,0.430300229
0.596442584,0.493333288
0.559606842,0.420605301
0.519483841,0.505888232
0.624572178,0.463703927
0.571279962,0.504579783
0.575048188,0.481096629
0.516427722,0.438469924
0.533228973,0.484014204
0.534275181,0.48122891
0.546259733,0.486734306
0.583402857,0.446642191
0.527765476,0.503975344
0.517193403,0.415811424
0.548620986,0.5281351
0.539478261,0.443835655
0.560292149,0.474906879
0.699671739,0.529930415
0.60365402,0.437520855
0.5125893,0.516495277
0.389173007,0.447551272
0.626242034,0.388662586
0.509592993,0.463529603
0.620420118,0.49441872
0.63373378,0.493705675
0.495815377,0.347604479
0.580907546,0.442137333
0.540484156,0.49185537
0.569108436,0.460129826
0.601105171,0.504595561
0.549379219,0.521765606
0.493653648,0.49066682
0.627042318,0.426547375
0.560077993,0.464734251
0.62705843,0.523064427
0.551564079,0.43932519
0.509590004,0.597317433
0.550855191,0.497123137
0.574486283,0.499804874
0.56859805,0.399637404
0.543620384,0.467812425
0.549121264,0.440817029
0.479286271,0.400325456
0.578161429,0.460243654
0.543177339,0.476834813
0.56843145,0.416640123
0.613121737,0.479852601
0.596587005,0.543038204
0.694057125,0.493104456
0.624461249,0.476105087
0.537731588,0.477374002
0.661944024,0.432799929
0.609028511,0.497069225
0.551213512,0.475291253
0.525150362,0.520838446
0.587515612,0.455821416
0.494574921,0.536742898
0.484179332,0.385342507
0.49738217,0.438588728
0.524111266,0.445784901
0.573059025,0.514122848
0.587546091,0.409023134
0.623029086,0.469931469
0.593395425,0.428053899
0.540418678,0.45162278
0.620663872,0.448552662
0.548948734,0.368923248
0.446938904,0.423472466
0.595162953,0.464135059
0.623717682,0.467862116
0.564627958,0.462760385
0.639027025,0.440967905
0.53346076,0.433703831
0.569367477,0.467057527
0.618033726,0.447291683
0.547661712,0.472698341
0.616054838,0.468623618
0.550079265,0.438274933
0.554353299,0.406400426
0.568485157,0.387462758
0.645767357,0.461216961
0.544449082,0.415887819
0.605944487,0.440507583
0.442879037,0.463744805
0.566123644,0.445888858
0.616257932,0.54533416
0.604034551,0.432709479
0.490810833,0.440371468
0.508484134,0.54330569
0.517245197,0.39605342
0.493450235,0.48506838
0.573234548,0.384324898
0.634065771,0.406593103
0.625811193,0.395888039
0.625743623,0.378256042
0.618835106,0.448147203
0.636250383,0.536229778
0.533353712,0.412734599
0.504284451,0.503674752
0.474809598,0.389301224
0.487749779,0.459364843
0.523810365,0.519390022
0.547617047,0.516682233
0.554878151,0.420648049
0.60852383,0.512060411
0.523229782,0.530020954
0.611634563,0.378911443
0.55102755,0.444639832
0.56037341,0.476306475
0.575556317,0.422529749
0.593102716,0.486441372
0.559734637,0.420471804
0.500921953,0.439552283
0.549053457,0.430711925
0.541546202,0.414494845
0.590909693,0.558521115
0.516458519,0.508941496
0.674017469,0.443908982
0.578164234,0.413100464
0.552910165,0.372567855
0.592832015,0.453131906
0.509294365,0.376742946
0.519603009,0.384357769
0.48543756,0.448905601
0.562241349,0.379471309
0.502014052,0.524189379
0.506790292,0.491362272
0.483624758,0.405563228
0.510767251,0.495537451
0.585768783,0.443621705
0.61719999,0.499644754
0.538358867,0.437092519
0.521530197,0.471769806
0.584934916,0.530806587
0.585936035,0.415568872
0.456782153,0.442952744
0.541110629,0.511303306
0.581146486,0.554074144
0.547577871,0.41713829
0.564377965,0.434351433
0.613115247,0.514931464
0.585969671,0.51650917
0.5067609,0.492260972
0.447803235,0.439053388
0.637803557,0.369666476
0.506938118,0.417700819
0.496122751,0.480887423
0.555355098,0.517271976
0.460758832,0.42102288
0.554351747,0.481640372
0.637395184,0.503789603
0.559505255,0.431393468
0.615935861,0.556697722
0.582664182,0.504566203
0.594850011,0.405789569
0.549285608,0.524927575
0.594879366,0.426084988
0.543655494,0.474160423
0.522299235,0.44343793
0.506137112,0.432819955
0.597265758,0.414725526
0.578952481,0.408628483
0.476041656,0.45424147
0.581405868,0.444203174
0.539344908,0.386583177
0.373442103,0.365235452
0.662975084,0.427370895
0.578427356,0.401576008
0.63097951,0.396796407
0.560272753,0.41228272
0.512597617,0.339366542
0.611340016,0.552423998
0.570443911,0.476703206
0.467719072,0.427717825
0.571619513,0.36730815
0.550236431,0.404858521
0.52755309,0.525578947
0.506246491,0.465746476
0.484667613,0.448762155
0.573975904,0.409656854
0.515376393,0.399080237
0.565877819,0.510883726
0.49897716,0.541921063
0.548339789,0.461106615
0.526578687,0.412782743
0.635702135,0.474354995
0.620806772,0.480936301
0.626696206,0.455149756
0.576460753,0.474743227
0.60217788,0.536635902
0.585318021,0.453627019
0.536630254,0.471485975
0.619792712,0.461399653
0.506950393,0.36541932
0.566320935,0.509725149
0.620688116,0.41032152
0.578879366,0.474740396
0.464412864,0.50776898
0.519373162,0.419105613
0.570134298,0.459455523
0.506938046,0.42366672
0.568886684,0.485686468
0.545660108,0.554303189
0.61087199,0.443885863
0.554271739,0.390887568
0.616152998,0.41517779
0.566277613,0.414887499
0.505059947,0.403566627
0.631038994,0.418577707
0.538403371,0.480417764
0.52281379,0.482984149
0.59814494,0.51739199
0.535811385,0.45268183
0.571097396,0.443290971
0.567824664,0.535326554
0.538597977,0.436213413
0.501439785,0.424183356
0.576485055,0.471484698
0.582516834,0.437946134
0.601878711,0.512064037
0.549165034,0.487959339
0.604905062,0.505229375
0.46143696,0.483317085
0.581347615,0.457376445
0.56329645,0.378077633
0.584862399,0.507683697
0.475827173,0.445915656
0.545449656,0.470127388
0.593854151,0.519958468
0.525690083,0.387983311
0.509046704,0.376961099
0.556859275,0.486307653
0.396278723,0.535705658
0.556282032,0.391065841
0.502907116,0.572419677
0.550013443,0.455083599
0.575597038,0.493151104
0.605910319,0.501001863
0.551257027,0.407975767
0.510971517,0.409305093
0.551544344,0.408509036
0.565203664,0.475760878
0.582868656,0.47596145
0.555132117,0.494913972
0.613409328,0.462342064
0.550190932,0.45920613
0.519275417,0.538931139
0.589721651,0.54125346
0.550766991,0.516980476
0.570091907,0.411501756
0.456766067,0.45366828
0.595024967,0.469775017
0.55312008,0.483838489
0.579924533,0.470211844
0.638979016,0.425842986
0.578470421,0.492541914
0.625293553,0.428458675
0.524766278,0.492505141
0.531975597,0.389550685
0.52091896,0.526583487
0.463073327,0.465837441
0.518622748,0.430943629
0.499152018,0.456635933
0.520040586,0.37389281
0.604036879,0.474460611
0.598553136,0.437929737
0.607130745,0.487939402
0.597379116,0.424349324
0.535118719,0.485623416
0.515482293,0.431094948
0.531113291,0.528609045
0.536614225,0.430660235
0.554676293,0.465036239
0.583465256,0.521456716
0.539902683,0.497585858
0.529160566,0.446315184
0.530927487,0.503420808
0.527708749,0.462829367
0.651554674,0.357499833
0.506616916,0.391550065
0.560840898,0.453303603
0.541770852,0.419783672
0.597149476,0.492923105
0.528916232,0.499600454
0.50509692,0.348512502
0.536119286,0.409067132
0.527501339,0.434603293
0.584386013,0.47121606
0.532645585,0.464429737
0.571839285,0.429129202
0.52542977,0.418660076
0.536665085,0.528545869
0.633995533,0.57481368
0.600892187,0.451955923
0.491337458,0.416353615
0.462840115,0.446896565
0.545556693,0.396179187
0.602309172,0.515322746
0.48316095,0.477965058
0.496404483,0.465188315
0.562470467,0.558338263
0.531700874,0.521044424
0.569341921,0.469131887
0.526855627,0.325751446
0.572239231,0.505657902
0.607983411,0.392574407
0.477107666,0.550258428
0.522656845,0.490447149
0.481569034,0.519437682
0.519665393,0.45745394
0.5576244,0.387560804
0.489352132,0.505895805
0.564662468,0.406132037
0.573410861,0.475666847
0.536204554,0.444613585
0.542268645,0.497384444
0.552537914,0.436434543
0.484143143,0.441884654
0.506127304,0.446885919
0.624208851,0.502190857
0.535408891,0.482983852
0.512991914,0.478970135
0.611898638,0.443261984
0.589796969,0.472346565
0.502931005,0.489977867
0.593964996,0.459221918
0.551864046,0.406836167
0.533079193,0.450644648
0.530024361,0.555642193
0.61925608,0.486314702
0.571616113,0.434463146
0.568506681,0.444150197
0.556563916,0.422442492
0.552359764,0.457303442
0.586416442,0.443565662
0.496478311,0.499290304
0.570517229,0.518040641
0.613351541,0.504001967
0.599923666,0.546220614
0.621668645,0.427554689
0.50172834,0.456397077
0.532197045,0.477224498
0.614574317,0.466820917
0.541494238,0.369930774
0.505535792,0.477708758
0.639403028,0.525095727
0.500626845,0.439461815
0.557255171,0.43705954
0.538008013,0.365307192
0.59423977,0.499241292
0.589694812,0.425133589
0.568426863,0.426484246
0.534486676,0.48619624
0.616343544,0.497341918
0.698571657,0.485255235
0.562842038,0.487983596
0.549279145,0.569246961
0.517295147,0.48000269
0.526644784,0.651764285
0.672105959,0.389560383
0.584346361,0.334182956
0.557761702,0.52645238
0.563555127,0.42707598
0.63683615,0.491302417
0.528461692,0.482964789
0.571986401,0.532721297
0.662002933,0.484367899
0.605367181,0.438018782
0.498402012,0.428843983
0.499340582,0.472617677
0.564160642,0.446521826
0.625321992,0.450764505
0.521578918,0.496340707
0.550419447,0.493981252
0.650572948,0.50508044
0.570949629,0.414130771
0.574582473,0.426625767
0.547689723,0.524562868
0.583098159,0.440783776
0.629185639,0.445707732
0.562554304,0.505492502
0.577772063,0.41820677
0.543264183,0.505091422
0.539373168,0.562483775
0.535640746,0.521859893
0.580291267,0.478910206
0.558681116,0.442614147
0.600278737,0.377380773
0.534354409,0.516687607
0.51039914,0.457545368
0.556268713,0.540941629
0.608349727,0.397518518
0.518454191,0.471579786
0.634370422,0.422728818
0.579184379,0.458300023
0.567500837,0.596480656
0.586974371,0.536147416
0.529480583,0.521120033
0.490914188,0.423980682
0.557216918,0.431126912
0.626060122,0.417878334
0.468509787,0.509076883
0.611251594,0.458511137
0.545197049,0.457917789
0.596097341,0.432788306
0.544915546,0.425941255
0.621375682,0.447851559
0.599745369,0.401828564
0.555650691,0.474108631
0.571796449,0.409603853
0.553602139,0.437006487
0.485003145,0.380516553
0.650789688,0.440879266
0.545456373,0.51057005
0.565982311,0.470810328
0.633855363,0.47723432
0.494501275,0.547910871
0.520614662,0.524615278
0.615143886,0.472475826
0.483218246,0.394821734
0.528926821,0.49502885
0.552680037,0.518884791
0.49324435,0.342505075
0.591767418,0.445752958
0.511008138,0.447518958
0.50099551,0.442673989
0.529854993,0.535379398
0.55282213,0.449286811
0.485296391,0.353257899
0.478189403,0.374215154
0.546465019,0.488804633
0.463586458,0.505269869
0.57577762,0.497996154
0.621598513,0.391353279
0.514791779,0.444580623
0.577699026,0.524866037
0.491254808,0.421457393
0.496376803,0.39205761
0.62414869,0.386105551
0.52284397,0.492571832
0.649744514,0.418879299
0.607482317,0.460425103
0.512009212,0.490856882
0.574549315,0.510648174
0.586753233,0.464440305
0.488127923,0.456555044
0.626403859,0.562058121
0.532482699,0.47639993
0.523585269,0.424379104
0.500015411,0.397558836
0.691794121,0.421620988
0.641050217,0.483286532
0.580581456,0.352699018
0.560238529,0.434977046
0.652237618,0.454829351
0.650457026,0.468716399
0.599726406,0.450337394
0.604264202,0.453899764
0.517525704,0.504858628
0.502688554,0.392884028
0.66420723,0.329505234
0.497129995,0.505252617
0.509974569,0.465902165
0.545785589,0.490721893
0.549831312,0.509229504
0.53062597,0.485814606
0.588782506,0.401440022
0.521391374,0.489271501
0.560738283,0.498292099
0.629214284,0.435372366
0.615633366,0.433427578
0.511326519,0.441998926
0.522256296,0.444656548
0.558017327,0.481165733
0.556796191,0.374572829
0.551798114,0.461721949
0.537103794,0.458716905
0.48667803,0.429671701
0.54215601,0.515852009
0.545241741,0.470158819
0.613390414,0.470503773
0.594141004,0.454037769
0.537369861,0.418235624
0.597687567,0.416419394
0.568449696,0.491369556
0.564948453,0.42391656
0.48961076,0.416250036
0.534337494,0.544020413
0.542134751,0.415288113
0.568257445,0.403897867
0.599869203,0.499895128
0.551019989,0.452961694
0.529626861,0.437246584
0.548041733,0.415371154
0.516834874,0.491822881
0.530788573,0.466936946
0.612045458,0.464740556
0.470795041,0.46773112